created_at,screen_name.x,text,urls,time_to_deadline,img_links,tweet_link,running total,,
15/07/2020 09:49,MarkConnolly2,"<U+0001F6A8>BirthMark is my submission for this year's #ironViz<U+0001F6A8>

Taking a little bit of a personal risk by sharing my journey as a pediatric cancer survivor, this viz highlights the context of what I went through compared to published data.

@tableaupublic link: https://t.co/karRGE9Bzv https://t.co/h0ed4YDhTC",https://public.tableau.com/profile/mark.connolly#!/vizhome/BirthMark/BirthMark,4.966666667,https://public.tableau.com/static/images/Bi/BirthMark/BirthMark/1.png,https://twitter.com/MarkConnolly2/status/1283443536462061568,1,,
16/07/2020 11:15,ZachBowders,"#IronViz entry is GO

Representation is SUCh an essential part of positive wellbeing.

As Dwayne McDuffie said ""If you can see it, you can be it""

I proudly introduce: 

CMYK - A Story of Comics, Color Printing, &amp; Representation

https://t.co/1514vJPPd1 https://t.co/GmF9Xeowud",https://public.tableau.com/profile/zach.bowders#!/vizhome/CMYK-AStoryofComicsColorPrintingRepresentation/CMYK,3.493888889,https://public.tableau.com/static/images/CM/CMYK-AStoryofComicsColorPrintingRepresentation/CMYK/1.png,https://twitter.com/ZachBowders/status/1283827563559780352,2,,
16/07/2020 11:40,cafecitoviz,Updated some fonts and colors on my #IronViz entry. Also thanks to @RinconAnnabelle I made a dedicated viz for mobile. https://t.co/oG2u3XiouF #dataviz #immunology #covid19 #ace2 https://t.co/L6ssabcUFR,https://public.tableau.com/profile/cafecitoviz#!/vizhome/COVIDGenes/CoronavirusGenes,5.525277778,https://public.tableau.com/static/images/CO/COVIDGenes/CoronavirusGenes/1.png,https://twitter.com/cafecitoviz/status/1283833806114496516,3,,
20/07/2020 06:36,OneSoulVizard,"#IronViz2020 : ""Mental Health-1990 to 2017""

Theme: ""Health and Wellness""
 
Tried to give my best. Hope you like it.

Link to my work: https://t.co/Kevr781Rpt

#tableaupublic #datafam #mentalhealth #mentaldisorders #IronViz #storytelling #datavisualization https://t.co/doEUfE39To",https://public.tableau.com/views/MentalHealth_IronViz_2020/MentalHealth?:language=en&:display_count=y&:origin=viz_share_link,4.985833333,https://public.tableau.com/static/images/Me/MentalHealth_IronViz_2020/MentalHealth/1.png,https://twitter.com/OneSoulVizard/status/1285206929078284290,4,,
21/07/2020 06:00,p_padham,"Hello everyone! I have always been fascinated by what makes people happy. For my first ever #IronViz submission, I explored over 100,000 ""happy moments"" from respondents in a study.

Inspired by @datavizDB, @ReadySetData and @EC_DataViz.

Link: https://t.co/GEe2T2D4bS https://t.co/LG35hgMgzz",https://public.tableau.com/views/IronVizAStudyofHappiness_15950938606200/Happiness?:language=en-GB&:display_count=y&publish=yes&:origin=viz_share_link,1.525277778,https://public.tableau.com/static/images/Ir/IronVizAStudyofHappiness_15950938606200/Happiness/1.png,https://twitter.com/p_padham/status/1285560368304095238,5,,
22/07/2020 06:58,ksingh8391,"First ever submission for Ironviz

Sleep is not a luxury, it's a necessity ; So, stop chasing sleep and start catching Zzzssss....

#ironviz #tableaupublic #datafam #sleepapnea #sleepdeprivation #healthandwellbeing #sleepwell 

link: https://t.co/fW1oEWpXJz https://t.co/ucFjKW5Nho",https://public.tableau.com/profile/komal2084#!/vizhome/Ironviz-2020-AreyoucatchingyourZzzs/Ironviz-2020-AreyoucatchingyourZzzs,2.322777778,https://public.tableau.com/static/images/Ir/Ironviz-2020-AreyoucatchingyourZzzs/Ironviz-2020-AreyoucatchingyourZzzs/1.png,https://twitter.com/ksingh8391/status/1285937202493415429,6,,
22/07/2020 08:38,datavizDB,"The Economy of Healthcare: My #IronViz Submission.

Healthcare trade is an important factor that is sometimes overlooked when evaluating health indicators for a country. In this viz, I help uncover these interesting trends! This was a blast!

Public Link: https://t.co/NM22kb7dIX https://t.co/t6jlYz3pbK",https://public.tableau.com/profile/david.borczuk#!/vizhome/IronVizTheEconomyofHealthcare/TheEconomyofHealthcare,2.907777778,https://public.tableau.com/static/images/Ir/IronVizTheEconomyofHealthcare/TheEconomyofHealthcare/1.png,https://twitter.com/datavizDB/status/1285962362151895041,7,,
24/07/2020 04:52,NablaVanderlyle,"Antimicrobial Resistance is one of the biggest threats to global health today. With my #IronViz submission I try to raise awareness for this important issue. 

https://t.co/VHPoHnSpEp https://t.co/THqigBbHIQ",https://public.tableau.com/profile/lisa.rapp#!/vizhome/AntimicrobialResistance/AntimicrobialResistance,7.209444444,https://public.tableau.com/static/images/An/AntimicrobialResistance/AntimicrobialResistance/1.png,https://twitter.com/NablaVanderlyle/status/1286630252291203073,8,,
24/07/2020 12:04,ZenDollData,"It's time to unveil my unusual anti-long form #ironviz!!! The Importance of Sleep. A mobile viz exploring how sleep impacts our life. Why we need it. How we do it. Why it makes us happier and healthier. <U+0001F634> Huge thx below.
#datafam @tableaupublic @tableau  https://t.co/VfDFLBnB3r",https://public.tableau.com/views/TheImportanceofSleep-IronViz2020mobileapp/Home?:language=en&:display_count=y&publish=yes&:origin=viz_share_link,7.318611111,https://public.tableau.com/static/images/Th/TheImportanceofSleep-IronViz2020mobileapp/Home/1.png,https://twitter.com/ZenDollData/status/1286739085638488069,9,,
25/07/2020 05:11,mrroweuk,"Very happy to have finally finished my first #IronViz entry focussing on the Global Economy of Physical Activity using the amazing report written by the Global Wellness Institute (@Global_GWI) and design using @figmadesign.

All feedback welcome.

Link
https://t.co/2zkY7WFsRZ https://t.co/j6sfcLvRS6",https://public.tableau.com/views/IronViz-GlobalWellnessPhysicalActivity/MainDashboard?:language=en-GB&:display_count=y&publish=yes&:origin=viz_share_link,8.765277778,https://public.tableau.com/static/images/Ir/IronViz-GlobalWellnessPhysicalActivity/MainDashboard/1.png,https://twitter.com/mrroweuk/status/1286997593071943680,10,,
25/07/2020 15:15,WilhelmsBrick,"ok, #IronViz time (will likely keep tweaking til the very end, but done enough to post!)

This is the antithesis of all i've learnt about good, clean design in the last six months, but it's also the most ""me"" thing i've ever done - so for that I'm proud. 

https://t.co/ltTuZTz2vn https://t.co/4IdjY5AXHI",https://public.tableau.com/profile/liam2029#!/vizhome/ironvizwip/Dashboard1,11.02833333,https://public.tableau.com/static/images/ir/ironvizwip/Dashboard1/1.png,https://twitter.com/WilhelmsBrick/status/1287149562336104455,11,,
26/07/2020 12:29,Mati_Karmalski,"#IronViz : American Time Use Survey (ATUS) by @BLS_gov 
Explore time of typical day activities from 2019 ATUS - sleeping, working, sports and more!

https://t.co/CrCIexGvYh

First time I participate, learnt a lot, hope you enjoy viz <U+0001F44C>

#tableau https://t.co/hK0KVckc89",https://public.tableau.com/profile/mateusz.karmalski#!/vizhome/AmericanTimeUseSurveyIronviz/AmericanTimeUseSurvey,11.35861111,https://public.tableau.com/static/images/Am/AmericanTimeUseSurveyIronviz/AmericanTimeUseSurvey/1.png,https://twitter.com/Mati_Karmalski/status/1287470126833573889,12,,
27/07/2020 07:28,pradeep_zen,"Happy to share my #IronViz submission <U+0001F49C>

What is Really in Your Cosmetics?

I wished to bring some awareness about chemicals used in cosmetics and it's harmful effects, because people use cosmetics on daily basis.

Link: https://t.co/HSgn2eW4ZH

@tableau @tableaupublic #datafam",https://public.tableau.com/profile/pradeepkumar.g#!/vizhome/WhatisReallyinYourCosmetics/IronViz,0.340555556,https://public.tableau.com/static/images/Wh/WhatisReallyinYourCosmetics/IronViz/1.png,https://twitter.com/pradeep_zen/status/1287756788792729600,13,,
27/07/2020 08:27,bluedilphia,"After a wee break I am coming back with my latest #IronViz
 submission. Hope you like it #datafam! <U+0001F913>
#Tableau #TableauPublic #DataVisualization 

https://t.co/Koj5HBtbSK",https://public.tableau.com/profile/kasia.gasiewska.holc#!/vizhome/Swarmingoutofcontrol/Swarmingoutofcontrol,12.18833333,https://public.tableau.com/static/images/Sw/Swarmingoutofcontrol/Swarmingoutofcontrol/1.png,https://twitter.com/bluedilphia/status/1287771585039020032,14,,
27/07/2020 09:18,data__vizard,"Hello #datafam,
Presenting my first #ironviz submission to show the REFLECTION between  Mental and Physical Health. 
<U+0001F517>https://t.co/KgYY0FWUwM
#Tableau #DataAnalytics
#DataScience #DataAnalytics https://t.co/aXn1vQ4UKi",https://public.tableau.com/profile/dhruv.popat#!/vizhome/MentalHealthvsPhysicalHealthIronViz/dashboard,13.72833333,https://public.tableau.com/static/images/Me/MentalHealthvsPhysicalHealthIronViz/dashboard/1.png,https://twitter.com/data__vizard/status/1287784526249431042,15,,
27/07/2020 15:36,AnalyticsWhy,"Bridging the divide 
https://t.co/5A2VdQo1zl
#IronViz @tableaupublic https://t.co/ODdxtAJ8f0",https://public.tableau.com/views/BehindTheMask/Health?:language=en&:display_count=y&:origin=viz_share_link,15.40138889,https://public.tableau.com/static/images/Be/BehindTheMask/Health/1.png,https://twitter.com/AnalyticsWhy/status/1287879638207721473,16,,
27/07/2020 18:06,jaxx084,"Here goes!  My @tableaupublic #IronViz is done (enough?)<U+0001F62C>.  I started out to explore how SDG6 clean water and sanitation impacts the spread of COVID, but ended up exploring other contributing factors as well.  #TheSDGVizProject. https://t.co/4Bf4MbHdcb https://t.co/uSX9pc8LfZ",https://public.tableau.com/profile/jacqui.moore#!/vizhome/WashYourHands-COVID-19/WashYourHands-COVID-19,15.91111111,https://public.tableau.com/static/images/Wa/WashYourHands-COVID-19/WashYourHands-COVID-19/1.png,https://twitter.com/jaxx084/status/1287917294002343937,17,,
28/07/2020 00:54,AIExpTablFtZen,"My First Hardworking #IronViz Entry.
Alzheimer Cases in USA in 2019
Working with it was great but little challenging.
Inspiration: @flerlagekr , @FlerlageKev ,@ChrisLuv ,@rajvivan 

#IronViz2020 #IronQuest2020 #datafam #DataViz #TableauFF

Link: https://t.co/amebUemCsx https://t.co/ugG1dme8OJ",https://public.tableau.com/profile/vignesh.suresh1214#!/vizhome/IronViz2020Every3Seconds/Introduction?publish=yes,33.42305556,https://public.tableau.com/static/images/Ir/IronViz2020Every3Seconds/Introduction/1.png,https://twitter.com/AIExpTablFtZen/status/1288019985445482496,18,,
28/07/2020 03:29,VizMaestro,"My (first ever) #ironviz entry

This viz for #ironviz2020 focusses on the ""COVID-19 Clinical trials"" with a detailed view of ""Insight into Vaccine &amp; Drug research"". The dashboard focusses on a #storyline (follow the needle's path)

Interactive Viz: https://t.co/MjP6GBd1bx

1/3 https://t.co/7Zvq7C5mP7",https://public.tableau.com/views/Covid-19ClinicaltrialsAninsightintoVaccineDrugresearchironviz2020infographic/Mark1?:language=en&:display_count=y&:toolbar=n&:origin=viz_share_link,28.94444444,https://public.tableau.com/static/images/Co/Covid-19ClinicaltrialsAninsightintoVaccineDrugresearchironviz2020infographic/Mark1/1.png,https://twitter.com/VizMaestro/status/1288058911270948869,19,,
28/07/2020 13:00,fredffery,"My #ironviz submission

World ""leaders"" leadership failure

https://t.co/ra18nSwFvc

Thanks for feedback @ZenDollData @JtothaVizzo @BMooreWasTaken 

I only do data viz as hobby so appreciate the help <U+0001F44F><U+0001F603>

Borrowed spark line idea from @Harry_Stevens awesome simulator post  <U+0001F4C8> https://t.co/ZTQscTMfnY",https://public.tableau.com/profile/fredfery#!/vizhome/ThefailingoftheFirstworldcountriesagainstCovid-19ironviz2020/Manyfirstworldleadershavefailedintheirresponsetocoronavirus,18.11138889,https://public.tableau.com/static/images/Th/ThefailingoftheFirstworldcountriesagainstCovid-19ironviz2020/Manyfirstworldleadershavefailedintheirresponsetocoronavirus/1.png,https://twitter.com/fredffery/status/1288202569488056322,20,,
28/07/2020 17:25,amyyyster,"Excited to share my first @tableaupublic #IronViz submission: Chemicals in Cosmetics, which explores the hazardous chemicals in cosmetic products over the past decade. This was super fun to design!

Check it out: 
https://t.co/HpE1HCJ8xn

#dataviz #healthandwellness #cosmetics",https://public.tableau.com/views/ChemicalsinCosmetics_15953635587470/Dashboard?:language=en&:display_count=y&publish=yes&:origin=viz_share_link,18.32472222,https://public.tableau.com/static/images/Ch/ChemicalsinCosmetics_15953635587470/Dashboard/1.png,https://twitter.com/amyyyster/status/1288269445937483776,21,,
29/07/2020 04:43,Anjushreebv,"My first #IronViz entry

LEPROSY - India's hidden plague!

World is declared leprosy free. Yet, India has &gt;100,000 cases annually. Time to rethink strategies to eradicate a disease. 

Link: https://t.co/OrUuzrHHs5

@tableau @tableaupublic #ironviz2020 #datafam #health
#leprosy https://t.co/DjULFc5kQb",https://public.tableau.com/views/IronViz-LEPROSYIndiashiddenplague/LEPROSYIndiashiddenplague?:language=en&:display_count=y&:origin=viz_share_link,19.09611111,https://public.tableau.com/static/images/Ir/IronViz-LEPROSYIndiashiddenplague/LEPROSYIndiashiddenplague/1.png,https://twitter.com/Anjushreebv/status/1288440075316015104,22,,
29/07/2020 06:22,BMooreWasTaken,"I'm ""Happy"" to share my #IronViz submission, ""Happiness Around the World""

A huge thank you to @jaxx084, @ZachBowders, and @AdamMico1 for your amazing feedback!

Interactive Link:
https://t.co/KqnfKzMoin https://t.co/PnCnUv0Bn3",https://public.tableau.com/profile/brian.moore7221#!/vizhome/HappinessAroundtheWorld_15958968487800/Happiness,19.09638889,https://public.tableau.com/static/images/Ha/HappinessAroundtheWorld_15958968487800/Happiness/1.png,https://twitter.com/BMooreWasTaken/status/1288464843285188608,23,,
29/07/2020 12:48,dataisvital,"While everyone's working on #IronViz, I'm here satirizing bad online meetings using @tableau <U+0001F600>
Unsure if we should have more people making more #memeviz
@tableaupublic 

Link to Viz: https://t.co/CxMYYjUzCA https://t.co/t9ZfpncUqs",https://public.tableau.com/profile/ankush.laxmeshwar3835#!/vizhome/OnlineMeetings-ExpectationsVsReality/OnlineMeetings-ExpectationsVsReality,19.50055556,https://public.tableau.com/static/images/On/OnlineMeetings-ExpectationsVsReality/OnlineMeetings-ExpectationsVsReality/1.png,https://twitter.com/dataisvital/status/1288562046020198400,24,,
29/07/2020 14:07,agatavizz,"What time are babies born? My #IronViz entry is inspired by the stunning work of @zanstrong, @NadiehBremer, and @FiveThirtyEight.

I couldn't have done it without @WilhelmsBrick helping me whip the data into something I could use! 

Interactive viz: https://t.co/n65lF8PcBD https://t.co/wPlOxOpvbw",https://public.tableau.com/profile/agata1619#!/vizhome/Whattimearebabiesborn/Whattimearebabiesborn?publish=yes,163.2702778,https://public.tableau.com/static/images/Wh/Whattimearebabiesborn/Whattimearebabiesborn/1.png,https://twitter.com/agatavizz/status/1288581924722794502,25,,
30/07/2020 00:41,VecchLea,"Do you want to know the secrets of living longer ?
Check this dataviz story to find out <U+0001F609>
#Ironviz #Health #HealthDataViz #tableausoftware #Ironviz2020
https://t.co/qnzqhLOR1k via @tableaupublic",https://public.tableau.com/views/Classeur1_15859272326250/Thesecretsoflivinglonger?:language=fr&:display_count=y&publish=yes&:origin=viz_share_link,20.76833333,https://public.tableau.com/static/images/Cl/Classeur1_15859272326250/Thesecretsoflivinglonger/1.png,https://twitter.com/VecchLea/status/1288741569516965889,26,,
30/07/2020 06:07,ScottKimly,"My #IronViz submission explores the state of maternal health around the world.

A simple viz with a simple message: Every Mother Counts.

Huge thanks to @ZenDollData for the invaluable feedback.

Explore the interactive viz here: https://t.co/pZGQTQObP5 https://t.co/733jAS7SIC",https://public.tableau.com/views/IronViz2020EveryMotherCounts-ExploringMaternalHealth/EveryMotherCounts?:language=en-GB&:display_count=y&:origin=viz_share_link,23.99972222,https://public.tableau.com/static/images/Ir/IronViz2020EveryMotherCounts-ExploringMaternalHealth/EveryMotherCounts/1.png,https://twitter.com/ScottKimly/status/1288823628860014592,27,,
30/07/2020 07:21,Dave_Andrade,"My #IronViz @tableaupublic submission visualizes sleep data from my FitBit during the Pandemic vs last year. 

I'm guessing my sleep quality has deteriorated due to higher levels of anxiety from the Pandemic. 

See if the data proves me wrong! #DataFam

https://t.co/bugpiYdmmb https://t.co/95euiPBqS5",https://public.tableau.com/views/GoodNightSleepTightDontLettheCOVID-19PandemicBite/GoodNightSleepTightDontLettheCOVID-19PandemicBite?:language=en&:display_count=y&publish=yes&:origin=viz_share_link,178.9997222,https://public.tableau.com/static/images/Go/GoodNightSleepTightDontLettheCOVID-19PandemicBite/GoodNightSleepTightDontLettheCOVID-19PandemicBite/1.png,https://twitter.com/Dave_Andrade/status/1288842231227527168,28,,
30/07/2020 09:43,WindsCogley,"It's #IronViz season but also exactly 10 months since Kelly passed. I wanted to reshare the IronViz entry that landed her on the stage in 2013. You need this, if only to borrow some terms as you wrap up your work or look at others before you're done. https://t.co/3GL8fMVCiS https://t.co/4WMlkGpXrY",https://public.tableau.com/profile/kelly#!/vizhome/GoT/GoT,132.7272222,https://public.tableau.com/static/images/Go/GoT/GoT/1.png,https://twitter.com/WindsCogley/status/1288877829413916672,29,,
30/07/2020 10:22,minttea102,"I'm thrilled to share my first #IronViz submission. It highlights the unseen mental health battle faced by many healthcare workers during the COVID-19 pandemic. 

They are our unsung heroes. But a hero sometimes also needs help.

Explore the viz here:
https://t.co/2rFyZHRXMx https://t.co/YMKnIWWrQ4",https://public.tableau.com/profile/t.ho2902#!/vizhome/ADoctor_APandemic_AMentalHealthBattle_/Adoctor_Apandemic_Amentalhealthbattle_,37.35611111,https://public.tableau.com/static/images/AD/ADoctor_APandemic_AMentalHealthBattle_/Adoctor_Apandemic_Amentalhealthbattle_/1.png,https://twitter.com/minttea102/status/1288887727002226688,30,,
30/07/2020 11:16,Juanma_MN,"First contribution to #ProjectHealthViz  

The American Association of Poison Control exposure by reason and age

Thanks @ZenDollData for the dataset

#dataviz #datafam #health #wellness #ironviz 

Feedback welcome and much appreciated.

#Tableau link: https://t.co/QsEw3Akl48",https://public.tableau.com/profile/juanma4308#!/vizhome/HeatlhandWellness-projecthealthviz/ProjectViz,24.25333333,https://public.tableau.com/static/images/He/HeatlhandWellness-projecthealthviz/ProjectViz/1.png,https://twitter.com/Juanma_MN/status/1288901261295865857,31,,
30/07/2020 12:32,jreevers5,"There are so many emotions poured all over this #IronViz2020 for me and my family. What can you do when you love someone that falls into such a terrible 1%? 

I imagine for many this is a topic you haven't heard much about. 

https://t.co/6HkSldqTNt via @tableaupublic",https://public.tableau.com/views/ReactiveAttachmentDisorderRAD/ReactiveAttachmentDisorder?:language=en&:display_count=y&:origin=viz_share_link,1.758888889,https://public.tableau.com/static/images/Re/ReactiveAttachmentDisorderRAD/ReactiveAttachmentDisorder/1.png,https://twitter.com/jreevers5/status/1288920362693033986,32,,
30/07/2020 12:57,_Lorna_Brown,"#IronViz 2020 - The Sound of Wellness!
I take a deeper look inside of the Wellness Hub on Spotify! Taking each genre and seeing what features correlate!

https://t.co/gUMu0I1HjB

<U+0001F6A8> 200TH VIZ ON @tableaupublic <U+0001F6A8> https://t.co/W1crVeAQ83",https://public.tableau.com/views/IronViz2020-TheSoundofWellness/TheSoundofWellness?%3Alanguage=en-GB&%3Adisplay_count=y&%3Aorigin=viz_share_link&%3AshowVizHome=no#1,153.8758333,https://public.tableau.com/static/images/Ir/IronViz2020-TheSoundofWellness/TheSoundofWellness/1.png,https://twitter.com/_Lorna_Brown/status/1288926708905762816,33,,
30/07/2020 21:22,RcVels,"Happy to share my #IronViz 

Organ Transplantation-Stories of Hope!

COVID impact aside, I thought of sharing a social message for a good cause that can help those families waiting for organs(1/3)

https://t.co/d0nuG6LACd

Inspired from #breathe by @ActorMadhavan  &amp; @TheAmitSadh https://t.co/Xpc6ymXPR7",https://public.tableau.com/views/VelsExploratoryViz3/OrganTransplantsStoriesofHope?:language=en&:display_count=y&:origin=viz_share_link&:showVizHome=no#2,46.00888889,https://public.tableau.com/static/images/Ve/VelsExploratoryViz3/OrganTransplantsStoriesofHope/1.png,https://twitter.com/RcVels/status/1289053769951584256,34,,
31/07/2020 00:30,Scribblr_42,"My entry for #IronViz this year is about the wellness of those who are less fortunate.

Looking at those who sleep rough in the UK

Find it on @tableaupublic: https://t.co/WBcwUdLqZr https://t.co/iKQuplCbY4",https://public.tableau.com/profile/scribblr.42#!/vizhome/SLEEPINGROUGHIRONVIZ2020/SLEEPINGROUGHIRONVIZ2020,35.89916667,https://public.tableau.com/static/images/SL/SLEEPINGROUGHIRONVIZ2020/SLEEPINGROUGHIRONVIZ2020/1.png,https://twitter.com/Scribblr_42/status/1289100986590670849,35,,
31/07/2020 04:51,Ratnesh_Pandey1,"Energy, food &amp; health- all crucial to human Dvlpmt rely on water provided by natural ecosystems. My #ironviz focuses on water usage by Agriculture, as its d major source of water withdrawals around d world. #tableausoftware #tableaupublic #datafam

https://t.co/jTX77P4yl1",https://public.tableau.com/profile/ratnesh2928#!/vizhome/Testcurve/Freshwater?publish=yes,33.00666667,https://public.tableau.com/static/images/Te/Testcurve/Freshwater/1.png,https://twitter.com/Ratnesh_Pandey1/status/1289166775628619776,36,,
31/07/2020 05:14,SimonBeaumont04,"#IronViz - The Human Development Index

For my entry into this year's feeder I explore the @HDRUNDP assessment of 3 dimensions for human development; Life Expectancy, Education and Income, also one for #TheSDGVizProject

https://t.co/l64p12CY0z https://t.co/gztrdCE0iz",https://public.tableau.com/profile/simon.beaumont#!/vizhome/IronViz-TheHumanDevelopmentIndex/IronViz-TheHumanDevelopmentIndex2,33.19861111,https://public.tableau.com/static/images/Ir/IronViz-TheHumanDevelopmentIndex/IronViz-TheHumanDevelopmentIndex2/1.png,https://twitter.com/SimonBeaumont04/status/1289172677278588928,37,,
31/07/2020 08:39,robradburn,"“What’s Past is Prologue”- #IronViz, as it stands now, using longditudinal data to chart the life events of baby boomers. 

Needed to stand on the shoulders of giants : @ryanvizzes @flerlagekr and the incomparable @ChrisLuv for the animation.

https://t.co/F7Lb8uXHhZ

#nosankey https://t.co/lm7AIrwpto",https://public.tableau.com/profile/robradburn#!/vizhome/WhatisPastisPrologue/Ironviz?publish=yes,33.70555556,https://public.tableau.com/static/images/Wh/WhatisPastisPrologue/Ironviz/1.png,https://twitter.com/robradburn/status/1289224252416069632,38,,
31/07/2020 11:40,LafosseSimon,"Hi #datafam,

Happy to share with you my #ironviz submission!
It  explores the relationship between our skin and health.
Hope you like it.

#ironviz2020

https://t.co/04WPBiLbWl https://t.co/CWYg8VbnyJ",https://public.tableau.com/views/UnderMySkin/UnderMySkin?:language=fr&:display_count=y&:origin=viz_share_link,34.17833333,https://public.tableau.com/static/images/Un/UnderMySkin/UnderMySkin/1.png,https://twitter.com/LafosseSimon/status/1289269690036916231,39,,
01/08/2020 05:43,k2msehailey,"Hi #datafam, I missed you! My first #IronViz submission is - Are you living with safe water? I was inspired by this month's #TheSDGVizProject for Goal 6 Clean Water and Sanitation and created a viz for both opportunities.

Please visit the viz here:
https://t.co/jrZqESMBfI https://t.co/sJdU2rd1kU",https://public.tableau.com/profile/seahyun.kim.hailey.#!/vizhome/IronViz2020Areyoulivingwithsafewater/Dashboard1,36.10277778,https://public.tableau.com/static/images/Ir/IronViz2020Areyoulivingwithsafewater/Dashboard1/1.png,https://twitter.com/k2msehailey/status/1289542323559260163,40,,
01/08/2020 07:12,sue_grist,This was my 1st ever #IronViz  submission - on organ donations. Creating a long form viz is WAY outside my comfort zone. Huge thanks to @ZenDollData for her invaluable feedback. Link: https://t.co/uD0hFMqkqq https://t.co/5T5omINuQu,https://public.tableau.com/profile/sue.grist#!/vizhome/OrganDonationsV22020-07-280807/OrganTransplants,36.24861111,https://public.tableau.com/static/images/Or/OrganDonationsV22020-07-280807/OrganTransplants/1.png,https://twitter.com/sue_grist/status/1289564614192009216,41,,
01/08/2020 13:20,maf2k,"Posting my first #IronViz entry on Privilege. Many thanks to @windscogley @agatavizz  @data_jackalop @Evelina_Jud @juditbekker and so many others for taking the time to provide me feedback, encouragement and inspiration. 
https://t.co/9rSm9E6uh0 https://t.co/dg9pXmG8C5",https://public.tableau.com/profile/michelle.frayman#!/vizhome/IronViz2020-WalksofPrivilege/PRIV,36.63194444,https://public.tableau.com/static/images/Ir/IronViz2020-WalksofPrivilege/PRIV/1.png,https://twitter.com/maf2k/status/1289657312265699328,42,,
02/08/2020 06:46,aashique_s,"Hey guys :) I thought I could make use of this year's #IronViz as an opportunity to create awareness to one of the most painful disease (SICKLE CELL ANEMIA) which many are not aware of (atleast in my Country).

Tableau Public : https://t.co/1efiTZj9z5

#datafam #SickleCellAnemia https://t.co/Ps3Tx1Hh4t",https://public.tableau.com/profile/aashique.s#!/vizhome/LifeofaSickleCellWarrior/LifeofaSICKLECELLWARRIOR,38.76638889,https://public.tableau.com/static/images/Li/LifeofaSickleCellWarrior/LifeofaSICKLECELLWARRIOR/1.png,https://twitter.com/aashique_s/status/1289920584923504641,43,,
02/08/2020 07:18,RinconAnnabelle,"Here is my @tableaupublic submission for #ironviz. Thank you to @M_Eerens for her feedbacks, which allow to improve it a lot ! https://t.co/pdbztezPKT I hope you like the story telling ( here image before/after). https://t.co/o67xzZQ82n",https://public.tableau.com/profile/rincon#!/vizhome/Arewemissinganewopportunityfortheworld/Didwemissedanopportunity3?publish=yes,38.99472222,https://public.tableau.com/static/images/Ar/Arewemissinganewopportunityfortheworld/Didwemissedanopportunity3/1.png,https://twitter.com/RinconAnnabelle/status/1289928540121493505,44,,
02/08/2020 07:30,thedarkhorse93,"To create more awareness about the plight of the girls facing FGM, I'm submitting this as my #IronViz 2020 entry

Relatively small dataset, but I managed to create an impactful story. Hope it helps the cause.

Link to viz: https://t.co/GL1MAqEleC

#datafam #viz5 #EndFGM #SDGs https://t.co/1i95Sfn3xA https://t.co/I2yRnp4yWT",https://public.tableau.com/profile/sagar.dhuri#!/vizhome/FGMinTanzania_15914504380560/FGMinTanzania,283.13,https://public.tableau.com/static/images/FG/FGMinTanzania_15914504380560/FGMinTanzania/1.png,https://twitter.com/thedarkhorse93/status/1289931643717787648,45,,
02/08/2020 07:53,Sai_Ranjith_Viz,"Hey #datafam 
Finally, I completed my  #IronViz 

Cancer is one of the world's largest health problems.

Hope this will create some awareness...

Thank you @ZenDollData for your valuable feedback
Viz link: https://t.co/OzvmGeAiwk

Please share your valuable feedback https://t.co/IV3rwJZivV",https://public.tableau.com/profile/ranjith.subramani#!/vizhome/Cancer-aSilentLikker/Dashboard1,39.31444444,https://public.tableau.com/static/images/Ca/Cancer-aSilentLikker/Dashboard1/1.png,https://twitter.com/Sai_Ranjith_Viz/status/1289937312223072257,46,,
02/08/2020 09:37,meads2,https://t.co/Wdy4yjR7tC,https://public.tableau.com/profile/matt.eads#!/vizhome/Ironviz_15963852159300/Ironviz,0.295555556,https://public.tableau.com/static/images/Ir/Ironviz_15963852159300/Ironviz/1.png,https://twitter.com/meads2/status/1289963456188125184,47,,
02/08/2020 10:46,NatRchr,"For my #IronViz entry, I wanted to rise awareness about an important topic that have a strong impact on women well-being : violence against Women and Girls. We are all involved to put an end to it. #orangetheworld 

@tableaupublic link: https://t.co/mLmjjdMK9k https://t.co/BkwxcF81Ws",https://public.tableau.com/profile/nat4755#!/vizhome/ViolenceAgainstWomenandGirls_15963887155070/ViolenceagainstWomen,40.24611111,https://public.tableau.com/static/images/Vi/ViolenceAgainstWomenandGirls_15963887155070/ViolenceagainstWomen/1.png,https://twitter.com/NatRchr/status/1289981004375977984,48,,
02/08/2020 11:27,_juliks_,Link here: https://t.co/1UIagsc9UY,https://public.tableau.com/profile/anjulika.sahgal6117#!/vizhome/MenstruationVizforIronViz2020/FinalIronViz,0.173333333,https://public.tableau.com/static/images/Me/MenstruationVizforIronViz2020/FinalIronViz/1.png,https://twitter.com/_juliks_/status/1289991272493535233,49,,
02/08/2020 15:19,katuvani,"Temporary goodbye to long forms. Let's welcome my web-layout style #ironviz entry ""Access"". From whether we have it to what we need to do? I tried to answer your ques. @tableaupublic @tableau #datafam.

Explore it here: https://t.co/AAvHlgQruR https://t.co/DQ5SR2r9T7",https://public.tableau.com/profile/pratik4421#!/vizhome/IRONVIZ/HOMEPAGE,377.3930556,https://public.tableau.com/static/images/IR/IRONVIZ/HOMEPAGE/1.png,https://twitter.com/katuvani/status/1290049699831930880,50,,
02/08/2020 16:26,staticum,"First Time I'm legally allowed to participate in @tableau #IronViz , so i decided to build a dashboard in Spanish about the seasonality of respiratory diseases in Chile.

Link to @tableaupublic viz: https://t.co/tgxy8IKQYW

@ministeriosalud https://t.co/GI4UPT0hQX",https://public.tableau.com/views/ATENCIONESDEURGENCIAPORMOTIVOSRESPIRATORIOSENCHILE/DASHBOARD_FINAL?:language=es&:display_count=y&publish=yes&:origin=viz_share_link,43.86111111,https://public.tableau.com/static/images/AT/ATENCIONESDEURGENCIAPORMOTIVOSRESPIRATORIOSENCHILE/DASHBOARD_FINAL/1.png,https://twitter.com/staticum/status/1290066465631006720,51,,
02/08/2020 18:51,kaiserchief75,"This is my #IronViz 2020 entry. Really profound dataset from the ABS. #dataviz #Tableau 

https://t.co/I2IO6LYwox https://t.co/OvrY8kRF1R",https://public.tableau.com/views/LEADINGCAUSESOFDEATH-ABORIGINALANDTORRESSTRAITISLANDERVS_NON-INDIGENOUS/Dashboard1?:language=en&:display_count=y&:origin=viz_share_link,44.17055556,https://public.tableau.com/static/images/LE/LEADINGCAUSESOFDEATH-ABORIGINALANDTORRESSTRAITISLANDERVS_NON-INDIGENOUS/Dashboard1/1.png,https://twitter.com/kaiserchief75/status/1290102953924124672,52,,
03/08/2020 00:09,VizBySree,"This is my first ever entry into #IronViz2020 competition. Hope you all like the viz. #IronViz @FacesOfCOVID  @WBukonline @tableaupublic @DatafamNetwork @tableau @ONS @globaleducation  @COVID_Oversight @NHSuk  @BBCNews  @CoronaInsights @LondonUwf 
Link: https://t.co/63UAKEAldg https://t.co/g3YkaYHA9i",https://public.tableau.com/profile/navyasree.potluri5017#!/vizhome/FourWallsthatfightthecycleofdespair/FourWallsthatfightthecycleofdespair,46.38166667,https://public.tableau.com/static/images/Fo/FourWallsthatfightthecycleofdespair/FourWallsthatfightthecycleofdespair/1.png,https://twitter.com/VizBySree/status/1290183041625726976,53,,
03/08/2020 01:37,Ramsri_viz,"My first ever #ironviz entry submission on obesity - FAT FUTURE OF AMERICA.Why is it important to maintain our BMI level?.""Obesity is the mother of all disease.Kill it before it kills you"".Thanks to @Tableau_Magic @thoang1000 for all the possible charts. https://t.co/mbkQPl6oRu https://t.co/QxdfXCBKRW",https://public.tableau.com/views/IButtons_15964398581060/IronViz2020?:language=en&:display_count=n&:origin=viz_share_link,47.83805556,https://public.tableau.com/static/images/IB/IButtons_15964398581060/IronViz2020/1.png,https://twitter.com/Ramsri_viz/status/1290205032508358656,54,,
03/08/2020 01:59,domene91,"Hi #datafam ,
Really happy to share with you my first #IronViz submission. Make up or break up.
Link: https://t.co/Z0sLu8Eqbq

#Tableau #ironviz2020 #health #dataviz #storytelling",https://public.tableau.com/profile/eva4667#!/vizhome/Makeuporbreakup/Makeuporbreakup,53.14222222,https://public.tableau.com/static/images/Ma/Makeuporbreakup/Makeuporbreakup/1.png,https://twitter.com/domene91/status/1290210662623322112,55,,
03/08/2020 03:49,_DataLoy,"Hey #datafam, I finally completed my first #IronViz, called Iron Viz Mood. I decided to look at my mood across the month of July while creating my IronViz.

Any feedback is more than welcomed!

Viz Link: https://t.co/N6Jt5EFxw5 via @tableaupublic",https://public.tableau.com/views/IronVizMood/Dashboard1?:language=en-GB&:display_count=y&publish=yes&:toolbar=n&:origin=viz_share_link,55.55861111,https://public.tableau.com/static/images/Ir/IronVizMood/Dashboard1/1.png,https://twitter.com/_DataLoy/status/1290238418576740352,56,,
03/08/2020 04:08,s0_s0w,"Finally finished my first #ironviz I decided to focus on the gun epidemic in the US, in particular police brutality and racial injustice. Explore here: https://t.co/h6JNlioEgR

Thank you @Fuad9510 and @MallyInData for all of your support, feedback and advice https://t.co/hyMm5ad2IF",https://public.tableau.com/profile/soha.elghany#!/vizhome/USGunEpidemicironviz/Dashboard12,56.66888889,https://public.tableau.com/static/images/US/USGunEpidemicironviz/Dashboard12/1.png,https://twitter.com/s0_s0w/status/1290243093413769218,57,,
03/08/2020 07:45,ngyxngyx,"Sharing my first ever @tableau #ironviz entry! Being a big fan of sports and in conjunction with the upcoming Singapore national day this weekend, I made a simple viz illustrating the sporting habits of Singapore Residents! 

@tableaupublic link: https://t.co/uFVZ6l9ukV https://t.co/H3UsgS7u4z",https://public.tableau.com/profile/ng.ying.xue#!/vizhome/IronVizSportingSceneinSingaporeIronViz2020/SportingSceneinSingapore,60.53861111,https://public.tableau.com/static/images/Ir/IronVizSportingSceneinSingaporeIronViz2020/SportingSceneinSingapore/1.png,https://twitter.com/ngyxngyx/status/1290297676068614144,58,,
03/08/2020 08:41,rikitarughwani,"Hello #datafam this my first ever #IronViz. The topic is Menstrual hygiene in India, its challenges and how government is taking different inititaives to promote health-seeking behavior. 
Feedback is much appreciated.

#IronViz2020  https://t.co/pieYhE1iB3 via @tableaupublic https://t.co/B4q8yEdmtw",https://public.tableau.com/views/overview_15963652170700/MenstrualHygiene?:language=en&:display_count=y&:origin=viz_share_link,0.209722222,https://public.tableau.com/static/images/ov/overview_15963652170700/MenstrualHygiene/1.png,https://twitter.com/rikitarughwani/status/1290311743118422016,59,,
03/08/2020 09:00,SinghVizALot,"Happy to announce I've finally submitted my #DOOMSCROLLING viz for #IronViz. Totally overwhelmed with the amazing submissions coming in from #DataFam all over the globe! Cheers!

https://t.co/5XWIVtR3Ia

@tableaupublic https://t.co/Fm9YgajJvA",https://public.tableau.com/profile/pavneet.singh#!/vizhome/Doomcrolling/Doomscrolling,61.21861111,https://public.tableau.com/static/images/Do/Doomcrolling/Doomscrolling/1.png,https://twitter.com/SinghVizALot/status/1290316574553812994,60,,
03/08/2020 09:14,kickoflegend,"A little something for #IronViz #Tableau #SSA #dataviz 

https://t.co/Q8YfntYXLb https://t.co/cnIC43MORf",https://public.tableau.com/profile/roy.wang#!/vizhome/SSA-IronViz2020/SSADisability,62.38083333,https://public.tableau.com/static/images/SS/SSA-IronViz2020/SSADisability/1.png,https://twitter.com/kickoflegend/status/1290320021504307200,61,,
03/08/2020 10:38,priyankadobhal_,"#datafam #WideLayout Excited to share my #IronViz entry that looks at ""How COVID-19 has taken over the news?"".
Do check the ""info"" icon to know more about my idea <U+0001F642>
Feedback welcome! <U+0001F600>
Viz: https://t.co/69lVsLpElD
Thanks, @AdamMico1 for your inputs :)
@tableau 
@tableaupublic https://t.co/6L17eOrkwo",https://public.tableau.com/profile/priyanka.dobhal0993#!/vizhome/IronVizHasCOVID-19takenovertheNews/DarkMode,248.7375,https://public.tableau.com/static/images/Ir/IronVizHasCOVID-19takenovertheNews/DarkMode/1.png,https://twitter.com/priyankadobhal_/status/1290341316828618753,62,,
03/08/2020 11:22,RZydyk,"My submission for the 2020 Tableau Iron Viz competition. Check it out!

https://t.co/hIBc5A7ekV
#IronViz #Tableau #saveWaterSaveTheWorld #dataVisualization #TableauIronViz #IronViz2020 https://t.co/og7WhW8VkE",https://public.tableau.com/profile/roman.zydyk#!/vizhome/SaveWaterSaveTheWorld/Dashboard?publish=yes,64.11222222,https://public.tableau.com/static/images/Sa/SaveWaterSaveTheWorld/Dashboard/1.png,https://twitter.com/RZydyk/status/1290352250058047491,63,,
03/08/2020 11:45,_stalsh,"Which supplements work? What about herbal supplements? In my first #IronViz I explore some popular supplements as well as review scientific studies behind three herbal supplements I take daily.  

VIZ: https://t.co/Posm0NXn3p https://t.co/x50jO5DJMd",https://public.tableau.com/profile/steven.shoemaker#!/vizhome/SupplementYourLife/Supplements,131.4619444,https://public.tableau.com/static/images/Su/SupplementYourLife/Supplements/1.png,https://twitter.com/_stalsh/status/1290358039221080064,64,,
03/08/2020 11:53,ProfDrKSchulte,"THE ISCHGL SPREAD is my #ironviz submission for this year. 

Learn about the spread of the #coronavirus from a rather tiny village in Tyrol through Europe.

Best viewed on #mobile!

@tableau @tableaupublic

Link: https://t.co/EXGvAjR4G9 https://t.co/FqUrOII0g3",https://public.tableau.com/profile/klaus.schulte#!/vizhome/TheIschglSpread-ironviz2020/TheIschglSpread-ironviz2020,137.8686111,https://public.tableau.com/static/images/Th/TheIschglSpread-ironviz2020/TheIschglSpread-ironviz2020/1.png,https://twitter.com/ProfDrKSchulte/status/1290360238747648000,65,,
03/08/2020 12:06,KimTricker,"My first @tableaupublic #IronViz submission! Grateful for all that I learned along the way about my topic, storytelling, and myself. Check out my viz on how black Americans have been disproportionately affected by COVID-19: https://t.co/SpFQDtGQQf https://t.co/dRYrMGaceI",https://public.tableau.com/profile/kim.tricker#!/vizhome/IronViz_15946664986640/SystemicRacismisnotImmunetoaGlobalPandemic,64.4875,https://public.tableau.com/static/images/Ir/IronViz_15946664986640/SystemicRacismisnotImmunetoaGlobalPandemic/1.png,https://twitter.com/KimTricker/status/1290363314380447746,66,,
03/08/2020 13:49,EveThomas1,"I've finally finished my first #IronViz submission!

I wanted to raise awareness about the preventable deaths happening across the globe as a direct result of pregnancy and childbirth.

#IronViz2020 #datafam #dataviz #health #viz5

Interactive Viz: https://t.co/fRYIpNXAKh https://t.co/YTv8ArZF3F",https://public.tableau.com/profile/eve.thomas#!/vizhome/AStudyofMaternalHealthIRONVIZ/AStudyofMaternalHealth?publish=yes,136.6363889,https://public.tableau.com/static/images/AS/AStudyofMaternalHealthIRONVIZ/AStudyofMaternalHealth/1.png,https://twitter.com/EveThomas1/status/1290389295669350406,67,,
03/08/2020 14:17,paulisDataViz,"Finally submitted my first #IronViz, Had some issues with the rendering. But anyways, I had fun with the project, collected twitter data about Hobbies and quarantine, run sentiment analysis to demonstrate that not all about this time has to be negative :) https://t.co/8x6ew4vd54 https://t.co/HfiVrPceRo",https://public.tableau.com/profile/paula.munoz#!/vizhome/IronViz2020-HobbiesandQuarantine-SentimentAnalysis/HobbiesQuarantine-SentimentA?publish=yes,64.69305556,https://public.tableau.com/static/images/Ir/IronViz2020-HobbiesandQuarantine-SentimentAnalysis/HobbiesQuarantine-SentimentA/1.png,https://twitter.com/paulisDataViz/status/1290396437751181314,68,,
03/08/2020 14:34,fair_marian,"My first #IronViz, on the potential health crisis caused by impending evictions. #tableau 
https://t.co/SmxIDjZOrd https://t.co/u06Up0RXJs",https://public.tableau.com/profile/marian.fairman#!/vizhome/EvictionALoomingCrisisinPublicHealth/Evictions,65.22,https://public.tableau.com/static/images/Ev/EvictionALoomingCrisisinPublicHealth/Evictions/1.png,https://twitter.com/fair_marian/status/1290400703916244992,69,,
03/08/2020 14:48,DanielLing13,"#IronViz entry <U+2714><U+FE0F>

Looking at a hugely Prevalent issue:  Postnatal Depression across 56 Countries with data from 292 studies.

https://t.co/kK1Tr4hk6Z

Thanks to @ZenDollData @FlerlageKev @flerlagekr @jonni_walker for guides, tips &amp; tricks

#datafam @tableaupublic @tableau https://t.co/FuEr1VvsZO",https://public.tableau.com/profile/daniel.ling#!/vizhome/PostNatalDepression_IronViz2020/PostnatalDepression_IronViz2020?publish=yes,82.65583333,https://public.tableau.com/static/images/Po/PostNatalDepression_IronViz2020/PostnatalDepression_IronViz2020/1.png,https://twitter.com/DanielLing13/status/1290404089285824519,70,,
03/08/2020 14:59,simon_arira,"My submission for the #ironviz 2020 about #happiness &amp; #wellbeing :) #changenow #footprints
https://t.co/uyM9VeYCGv https://t.co/8pBCzjsp6F",https://public.tableau.com/profile/simon.arira#!/vizhome/GetHappy/GetHappy,0.437222222,https://public.tableau.com/static/images/Ge/GetHappy/GetHappy/1.png,https://twitter.com/simon_arira/status/1290406989932253189,71,,
03/08/2020 19:03,CaitlinMarieMcC,"It's FINALLY done. Next year, I solemnly swear to begin earlier and leave ample time for feedback and revisions. #IronViz 

https://t.co/mVvCiz0HDp",https://public.tableau.com/profile/caitlin.mccluskey#!/vizhome/ThisStatementHasNotBeenEvalutedbytheFDAIronViz2020/ThisStatementHasNotBeenEvaluatedbytheFDA,88.795,https://public.tableau.com/static/images/Th/ThisStatementHasNotBeenEvalutedbytheFDAIronViz2020/ThisStatementHasNotBeenEvaluatedbytheFDA/1.png,https://twitter.com/CaitlinMarieMcC/status/1290468325936574469,72,,
03/08/2020 23:44,rajirai13,"#IronViz entry https://t.co/z11JpwHvu7 
#Tableau https://t.co/gHQdODWBA4",https://public.tableau.com/profile/rajeshwari.rai#!/vizhome/Covid19GlobalSpread/Dashboard?publish=yes,90.27111111,https://public.tableau.com/static/images/Co/Covid19GlobalSpread/Dashboard/1.png,https://twitter.com/rajirai13/status/1290539159610826753,73,,
04/08/2020 00:00,RobbinVernooij,"#Tableau by day, sleeping at night
This years #ironviz entry on Health &amp; Wellness - Can't stress enough how important sleep is for our physical and mental health!

https://t.co/jz5ObJ39Ik https://t.co/pFlOibvcWM",https://public.tableau.com/profile/robbin.vernooij#!/vizhome/TableaubyDaySleepingatNight_15964908917690/Tableaubydaysleepingatnight,108.3269444,https://public.tableau.com/static/images/Ta/TableaubyDaySleepingatNight_15964908917690/Tableaubydaysleepingatnight/1.png,https://twitter.com/RobbinVernooij/status/1290542990147096577,74,,
04/08/2020 03:13,jdrocks99,"My submission for #IronViz2020 on Health &amp; Wellness, 'A Tribute to our Nurses on the Front Lines of Care'. A Salute to our healthcare front line heroes, who are there protecting and saving millions of lives. #tableausoftware #ironviz  #datafam 
link:https://t.co/CYzSA0f9va https://t.co/cx3ZejAyGn",https://public.tableau.com/profile/jayshree.dawrewar#!/vizhome/IronViz2020ATributetoourNurses/IronViz2020ATributetoourNurses?publish=yes,111.3361111,https://public.tableau.com/static/images/Ir/IronViz2020ATributetoourNurses/IronViz2020ATributetoourNurses/1.png,https://twitter.com/jdrocks99/status/1290591781147439104,75,,
04/08/2020 04:29,Westlake_CJW,"<U+0001F6A8>NEW VIZ<U+0001F6A8>

#MECFS is not a condition you hear much about. Take a look at my #Tableau #IronViz entry and find out why it is crucial that more research goes into finding a cure to this invisible illness.

https://t.co/sBVwjMae8m

#MissingMillions https://t.co/C9o33yt4aX",https://public.tableau.com/profile/westlake.cjw#!/vizhome/IronViz_15964719609530/MillionsMissing,114.7519444,https://public.tableau.com/static/images/Ir/IronViz_15964719609530/MillionsMissing/1.png,https://twitter.com/Westlake_CJW/status/1290610926064934912,76,,
04/08/2020 04:54,alina_cros,"Lets see the performance dureing 2 marathons that my partner has done in 2019 in Paris and Amsterdam. 

Here is my submission for #IronViz 
https://t.co/yhYf3GjmBn

Thanks @vizwiz for 'Strava to Tableau' blog post https://t.co/zeEFW2XQK9 so useful!

@tableaupublic",https://public.tableau.com/profile/alina.cros#!/vizhome/MarathonvsMarathon/Raceoverview,115.1427778,https://public.tableau.com/static/images/Ma/MarathonvsMarathon/Raceoverview/1.png,https://twitter.com/alina_cros/status/1290617027963559938,77,,
04/08/2020 04:54,VizByTK,"Finally completed my #IronViz 

""Social Media, Mental Health, and Generation Z""

I focus on today's reality, how people are getting addicted to Social media and negative impacts on Mental health.

Viz Link : https://t.co/oRaZwUzZ4f 

@tableau @tableaupublic #datafam https://t.co/vvVLDjf3DB",https://public.tableau.com/profile/tausif.kazi#!/vizhome/IronViz2020/IronViz2020,119.4997222,https://public.tableau.com/static/images/Ir/IronViz2020/IronViz2020/1.png,https://twitter.com/VizByTK/status/1290617031482421248,78,,
04/08/2020 05:40,RobertJanezic,"NEW PROJECT - Liv

An original story by Robert Janezic

#IronViz @tableaupublic @tableau 

https://t.co/7hBvGmOi2R https://t.co/P0vW24Nd6N",https://public.tableau.com/views/Liv/Liv?:language=en&:display_count=y&:origin=viz_share_link,122.6269444,https://public.tableau.com/static/images/Li/Liv/Liv/1.png,https://twitter.com/RobertJanezic/status/1290628680385994760,79,,
04/08/2020 05:53,boknowsdata,"Here's my #ironviz entry on Seasonal Affective Disorder.

Seasonal depression is a huge challenge. As days get shorter and colder in the coming months, check in on your friends, #datafam.

Interactive:
https://t.co/tqThjzt4wx via @tableaupublic 

#ironviz #ironviz2020 #tableau https://t.co/XKuADJ98ok",https://public.tableau.com/views/McCreadyIronViz2020Working2/SeasonalAffectiveDisorder?:language=en&:display_count=y&:origin=viz_share_link,131.0416667,https://public.tableau.com/static/images/Mc/McCreadyIronViz2020Working2/SeasonalAffectiveDisorder/1.png,https://twitter.com/boknowsdata/status/1290631901296852992,80,,
04/08/2020 08:05,DatVizGuy,My #IronViz submission is in! Check it out to see what your blood type says about YOU! #datafam https://t.co/1v5DJ6VbQC,https://public.tableau.com/profile/jay.farias#!/vizhome/BloodTypes/BloodTypes,353.9855556,https://public.tableau.com/static/images/Bl/BloodTypes/BloodTypes/1.png,https://twitter.com/DatVizGuy/status/1290665123800141834,81,,
04/08/2020 08:35,ReadySetData,"#Ironviz<U+2705>In this viz, I share the story of Enna Selmanovic (@ennnerz) and how a career-ending injury took her from Olympic prospect to Mental Health Advocate. Enna is a true inspiration and I'm so thankful to be able to share her story. 

Viz Link: https://t.co/E11eltHHvq https://t.co/P4Ch8j4L0L",https://public.tableau.com/profile/eric.balash#!/vizhome/Ironviz2020FindingHerReflection/Ironviz2020FindingHerReflection,133.6233333,https://public.tableau.com/static/images/Ir/Ironviz2020FindingHerReflection/Ironviz2020FindingHerReflection/1.png,https://twitter.com/ReadySetData/status/1290672819752308738,82,,
04/08/2020 10:16,marajjm,"Submitted my #IronViz entry last night - I really need to stop putting these dashboards off until the last minute! I decided to tackle how the pandemic has affected US travel. 
See the interactive version here: https://t.co/w7JgN1a2Q6 https://t.co/noheDayp9U",https://public.tableau.com/profile/marajjm#!/vizhome/PandemicImpactonUSTravel/TripsoverTimeUS,134.2788889,https://public.tableau.com/static/images/Pa/PandemicImpactonUSTravel/TripsoverTimeUS/1.png,https://twitter.com/marajjm/status/1290698082577874944,83,,
04/08/2020 11:48,Josh_Ng98,"Fun story: I sprained my wrist playing tennis a few days ago and thought about not submitting my #IronViz. But my roommate told me to just work off what I had done, and that's exactly what I did. I had so much fun making this! #datafam #tableau 

Viz: https://t.co/tkG1OPnoVj https://t.co/AXeOfVeQEc",https://public.tableau.com/profile/josh.ng#!/vizhome/FoodDesertsWherearetheyandwhoareaffected/FinalDash,3.121111111,https://public.tableau.com/static/images/Fo/FoodDesertsWherearetheyandwhoareaffected/FinalDash/1.png,https://twitter.com/Josh_Ng98/status/1290721334549516288,84,,
04/08/2020 12:38,Evolytics,"Hey #datafam: This is your data on drugs… Are you ready for an After School Special? Check out Liam Huffman's #Tableau #IronViz submission. Learn more about recreational drug use by ""The Youths"" of each generation.  @tableau @kctug @LiamDoesTableau  https://t.co/Jqx4QGgy91",https://public.tableau.com/profile/liam.huffman#!/vizhome/IronVizWorkbook/IronVizDrugAbuseAmongstTeens3,155.1925,https://public.tableau.com/static/images/Ir/IronVizWorkbook/IronVizDrugAbuseAmongstTeens3/1.png,https://twitter.com/Evolytics/status/1290733864596512771,85,,
04/08/2020 12:58,jrcopreros,"For my first #IronViz, I chose to visualize and raise awareness regarding the issue of #MentalHealth and how it has impacted the lives and wellbeing of millions around the world, including those that are closest to me.

Explore more of this #dataviz here: https://t.co/SPxPcQJn3U https://t.co/sQaDeLAeZo",https://public.tableau.com/profile/jrcopreros#!/vizhome/TheInvisibleEnemyShiningaLightonTheGlobalMentalHealthCrisisIronViz2020v3/Dashboard,143.3030556,https://public.tableau.com/static/images/Th/TheInvisibleEnemyShiningaLightonTheGlobalMentalHealthCrisisIronViz2020v3/Dashboard/1.png,https://twitter.com/jrcopreros/status/1290738849530941446,86,,
04/08/2020 15:14,DiegoTParker,"Finally finished the English translation of my #IronViz. Here is a long picture in Spanish, even though the viz isn't long form<U+0001F602> 

Link (both languages within the same workbook): https://t.co/2qsioxhKhP https://t.co/ETTYseXvQJ",https://public.tableau.com/views/TheInequalityPandemic/INTRO?:language=en&:display_count=y&:origin=viz_share_link,161.63,https://public.tableau.com/static/images/Th/TheInequalityPandemic/INTRO/1.png,https://twitter.com/DiegoTParker/status/1290773023893729280,87,,
04/08/2020 16:40,PMeetali1,"Here is my Entry for #IronViz
@datadzif @theneilrichards @emilykund @sarahlovesdata @flerlagekr @TableauTim @FlerlageKev @thoang1000 @LosaniMeera 
Viz Link: https://t.co/KPfjwJctYw
focusing on solution for most of the Physical &amp; Mental Health related Issues.",https://public.tableau.com/profile/meetali.pandey#!/vizhome/Mindfulness/Mindfulness?publish=yes,174.5705556,https://public.tableau.com/static/images/Mi/Mindfulness/Mindfulness/1.png,https://twitter.com/PMeetali1/status/1290794865584824320,88,,
04/08/2020 16:47,jgig12,Link to Tableau Public: https://t.co/Kl7eY0cwQo,https://public.tableau.com/profile/justin.giger#!/vizhome/StateoftheTerritories/TerritoryDashboard,2.261111111,https://public.tableau.com/static/images/St/StateoftheTerritories/TerritoryDashboard/1.png,https://twitter.com/jgig12/status/1290796515879862272,89,,
04/08/2020 18:28,MaritImsdahl,"I just submitted my #IronViz on Global Happiness.
Check it out and take the quiz:
https://t.co/WGDrZvtE20",https://public.tableau.com/profile/marit.imsdahl#!/vizhome/GlobalHappiness_15965887709390/GlobalHappiness,188.5136111,https://public.tableau.com/static/images/Gl/GlobalHappiness_15965887709390/GlobalHappiness/1.png,https://twitter.com/MaritImsdahl/status/1290821943399153666,90,,
04/08/2020 19:00,DikshaA90158689,"While being busy with my Masters and job hunting, I rely more on ready to eat or frozen food nowadays. So, I thought of exploring the nutritional fact of my food by participating in the #ironviz competition. 

Link : https://t.co/2aw3PECtcq

@tableau #datafam @tableaupublic https://t.co/ce1p8vKjeg",https://public.tableau.com/profile/diksha.agrawal#!/vizhome/IronViz2020-Areyoutakingpropernutrition/Dashboard1,191.0916667,https://public.tableau.com/static/images/Ir/IronViz2020-Areyoutakingpropernutrition/Dashboard1/1.png,https://twitter.com/DikshaA90158689/status/1290830090176286722,91,,
04/08/2020 19:01,riddhi_tthakkar,"My submission for #IronViz for the very first time: Yoga from East to West. Looking at the evolution and its spread in USA.
Thank you @ZenDollData for your valuable feedback. Really appreciate your time and inputs..! <U+0001F64F>
Interactive Viz: https://t.co/S88LOCs44M https://t.co/MvnWGynwy1",https://public.tableau.com/profile/riddhi1180#!/vizhome/YogafromEasttoWestIronViz/YogafromEasttoWest?publish=yes,197.8927778,https://public.tableau.com/static/images/Yo/YogafromEasttoWestIronViz/YogafromEasttoWest/1.png,https://twitter.com/riddhi_tthakkar/status/1290830380128321536,92,,
04/08/2020 20:30,3lprof3,I feel accomplished having just entered #IronViz2020 via @tableaupublic. One of those things I had only dreamed abt when I was going thru @NUFlead w/ @DoryEdwards @_FeliceLeon + bunches of others: creating publishable #dataviz + telling stories... https://t.co/eCaAonWGXY @NYC_TUG,https://public.tableau.com/profile/david.brezler#!/vizhome/WestchesterCountyInfluenzametrics/Dashboard1,8.389722222,https://public.tableau.com/static/images/We/WestchesterCountyInfluenzametrics/Dashboard1/1.png,https://twitter.com/3lprof3/status/1290852617833328640,93,,
04/08/2020 21:05,tsolomon91,"My First #IronViz #IronViz2020

https://t.co/IUgcMeS0JI",https://public.tableau.com/views/SquaringTheCurve/ManyHappyReturns?:language=en&:display_count=y&:origin=viz_share_link,200.3863889,https://public.tableau.com/static/images/Sq/SquaringTheCurve/ManyHappyReturns/1.png,https://twitter.com/tsolomon91/status/1290861469182042113,94,,
04/08/2020 21:40,BLarsenViz,"Whelp, my first #IronViz is done. It was a fun process and only mad at myself for not finding the time to start sooner!

vaccine

Link: https://t.co/x8nwLDmyua https://t.co/SsYSrUvU56",https://public.tableau.com/profile/bryce.larsen#!/vizhome/Vaccine-IronViz/Vaccines,206.6855556,https://public.tableau.com/static/images/Va/Vaccine-IronViz/Vaccines/1.png,https://twitter.com/BLarsenViz/status/1290870300154896384,95,,
04/08/2020 22:14,dreamsofdata,"My first #IronViz submission!

In this viz I show the relationship between being in nature and happiness. #AllNaturalViz <U+0001F33C><U+0001F33F><U+0001F33A><U+0001F33E><U+0001F333>

View it here: https://t.co/3B2v0csPr7

Thank you for the resources @inaturalist @flowill @tpl_org https://t.co/rnjbVxkmlK",https://public.tableau.com/profile/dreamsofdata#!/vizhome/NatureAndHappiness_IronViz2020/MAPPINESSSTUDY,207.5425,https://public.tableau.com/static/images/Na/NatureAndHappiness_IronViz2020/MAPPINESSSTUDY/1.png,https://twitter.com/dreamsofdata/status/1290878813589647360,96,,
04/08/2020 22:28,J_Lemaire,"Healthy bilinguals - la santé des bilingues
My submission for #ironviz2020

I wanted to try something different from the traditional longform and went with 4 pages instead, each the size of a typical desktop monitor. 

Interactive version:
https://t.co/eoqDycai1A https://t.co/DmtbZcpl5l",https://public.tableau.com/views/hellobonjour/hellobonjour-Health?:language=en&:display_count=y&:origin=viz_share_link,7.394444444,https://public.tableau.com/static/images/he/hellobonjour/hellobonjour-Health/1.png,https://twitter.com/J_Lemaire/status/1290882343851323393,97,,
04/08/2020 23:39,SeemaAg54435750,"Since the theme of IronViz 2020 is Health and Wellness and it is well known that “Happiness is the highest form of health”. Here is my #ironviz on ""Study of Happy Moments"" 

Link to Viz: https://t.co/L95CH7oII6
Link to detailed article: https://t.co/XFDakrVwkS https://t.co/lSQHHOFjxM",https://public.tableau.com/profile/seema.agarwal#!/vizhome/StoryofHappiness_IronViz2020/Dashboard1,208.5225,https://public.tableau.com/static/images/St/StoryofHappiness_IronViz2020/Dashboard1/1.png,https://twitter.com/SeemaAg54435750/status/1290900229076721664,98,,
04/08/2020 23:42,nataliatamiteva,"For my first #IronViz, I explored global health indicators, as part of @UN's sustainable development goals. Whilst most of the indicators predict a positive change, child obesity and HIV prevalence are expected to worsen!

Find out more here : https://t.co/3GbRGLAAo2 https://t.co/CfIGs9dHXv",https://public.tableau.com/profile/natalia.miteva#!/vizhome/GlobalHealthIndicatorsIronViz2020/GlobalHealthIndicatorsIronViz2020,227.5075,https://public.tableau.com/static/images/Gl/GlobalHealthIndicatorsIronViz2020/GlobalHealthIndicatorsIronViz2020/1.png,https://twitter.com/nataliatamiteva/status/1290900908834947072,99,,
05/08/2020 00:10,thecfelix,"#IronViz | A Visual Exploration of the Influence of American Social Capital on the spread of #COVID19 @tableaupublic @tableau 
#IronViz2020 

https://t.co/L9xOJjopd4",https://public.tableau.com/views/IronVizTiesthatHeal-AVisualExplorationofSocialCapitalCOVID-19/IronVizTheTiesthatHeal-SocialCapitalandCOVID-19?&:showVizHome=no,258.8019444,https://public.tableau.com/static/images/Ir/IronVizTiesthatHeal-AVisualExplorationofSocialCapitalCOVID-19/IronVizTheTiesthatHeal-SocialCapitalandCOVID-19/1.png,https://twitter.com/thecfelix/status/1290907989918900224,100,,
05/08/2020 00:12,GarimaAnand1122,"I'm happy to share my first iron viz entry. Be sure to check it out.Thank you to @p_padham and @WindsCogley for the inspiration and guidance.
#IronViz2020 #tableaupublic #healthandwellness #cosmetics #DataVisualization #analysis #California #analytics https://t.co/QgybTrnt9C",https://public.tableau.com/views/AnAnalysisOfTheCosmeticsIndustryInCalifornia/IronViz2020?:language=en&:display_count=y&publish=yes&:origin=viz_share_link,7.141944444,https://public.tableau.com/static/images/An/AnAnalysisOfTheCosmeticsIndustryInCalifornia/IronViz2020/1.png,https://twitter.com/GarimaAnand1122/status/1290908538349342721,101,,
05/08/2020 00:26,xrayattack,"My First #IronViz! Got it submitted just in time.<U+0001F605>
It's about the Digital Fitness Revolution and how accessible fitness is today. #datafam #ironviz2020

Link: https://t.co/0VB8hmy7GQ https://t.co/3EJ4hL5ehE",https://public.tableau.com/views/DigitalRevolution/DigitalRevolution,275.9222222,https://public.tableau.com/static/images/Di/DigitalRevolution/DigitalRevolution/1.png,https://twitter.com/xrayattack/status/1290911976894402560,102,,
05/08/2020 02:15,Alexanalytics1,"Almost 75% of American high school students do not get enough sleep with grave consequences to their #health and well-being. In my first #IronViz, I look at how starting school later can help them get the sleep they need.

LINK: https://t.co/QsfTsYTzh4

#IronViz2020 #datafam",https://public.tableau.com/views/IronViz_15956250432340/INTRO?:language=en&:display_count=y&:origin=viz_share_link,3.842777778,https://public.tableau.com/static/images/Ir/IronViz_15956250432340/INTRO/1.png,https://twitter.com/Alexanalytics1/status/1290939514177937408,103,,
05/08/2020 03:07,MarionaBanyeres,Click here for the interactive version: https://t.co/MsICdWZVQv,https://public.tableau.com/profile/mariona.banyeres#!/vizhome/Dailyuncertaintyininsulintherapy/Dashboard2,4.473333333,https://public.tableau.com/static/images/Da/Dailyuncertaintyininsulintherapy/Dashboard2/1.png,https://twitter.com/MarionaBanyeres/status/1290952501508943872,104,,
05/08/2020 03:50,ShravaniBheema,"What makes people happy? A look at 100,000 happy moments.
#IronViz submission: https://t.co/HWmkol4958

#dataviz #tableau #datafam https://t.co/C3U42ce4t7",https://public.tableau.com/profile/shravani.bheema#!/vizhome/WhatMakesPeopleHappy/Dashboard1,327.3627778,https://public.tableau.com/static/images/Wh/WhatMakesPeopleHappy/Dashboard1/1.png,https://twitter.com/ShravaniBheema/status/1290963396586684417,105,,
05/08/2020 04:28,PawanSTableau,"1/3
My First #IronViz submission:

YOGA- Beyond the Barriers

https://t.co/J5FTp2r1s5

Just a week ago, I joined back #datafam and had lost all hope of even participating in #IronViZ bc of the unfortunate covid thing tht happened. I am really indebted to my mentor @AdamMico1.. https://t.co/rGhWZX40Vo",https://public.tableau.com/profile/pawan.sachdeva#!/vizhome/Yoga-BeyondtheBarriers/Yoga-BeyondtheBarriers,329.0288889,https://public.tableau.com/static/images/Yo/Yoga-BeyondtheBarriers/Yoga-BeyondtheBarriers/1.png,https://twitter.com/PawanSTableau/status/1290972917430272001,106,,
05/08/2020 07:08,VinodhDataArt,"#Ironviz  ""Checking Earth's Vital Signs""
""Our Planet's health is our health"" . A detailed study on the various factors impacting our planet's health and how it in turn impacts our health
https://t.co/ib3AsUvjzZ 

#TheSDGVizProject #SDGs #health #pollution #plasticpollution https://t.co/qZguINMxYw",https://public.tableau.com/profile/vinodh#!/vizhome/Ironviz_submission/Dashboard13,468.3313889,https://public.tableau.com/static/images/Ir/Ironviz_submission/Dashboard13/1.png,https://twitter.com/VinodhDataArt/status/1291013214881251329,107,,
05/08/2020 07:23,Teki_akarusa,"<U+3002><U+3002><U+3002><U+3084><U+306F><U+308A><U+81EA><U+6162><U+3057><U+305F><U+3044><U+306E>!
#IronViz 
https://t.co/mtGk8wyA1K",https://public.tableau.com/profile/ame.tso#!/vizhome/WorldHappinessReport_15963737779520/WorldHappinessReport?publish=yes,468.7447222,https://public.tableau.com/static/images/Wo/WorldHappinessReport_15963737779520/WorldHappinessReport/1.png,https://twitter.com/Teki_akarusa/status/1291017026819878912,108,,
05/08/2020 08:23,AdrianZinovei,"My #IronViz 2020 submission: US COVID-19 &amp; BLM EQUALITY NUMBERS.
Job opportunities for 1,576,977 people.
Increase Household income by $168B per year.
Help 4,634,329 people to get above poverty level.

Warning: Keep social distancing!
https://t.co/dCZu6YugiZ https://t.co/ouJtvEaNmr",https://public.tableau.com/profile/adrian.zinovei#!/vizhome/IronViz2020BLMNumbersEquality/BLMNumbersCOVIDIronViz,494.1780556,https://public.tableau.com/static/images/Ir/IronViz2020BLMNumbersEquality/BLMNumbersCOVIDIronViz/1.png,https://twitter.com/AdrianZinovei/status/1291032054583500803,109,,
